{
  "success": true,
  "examId": 1434,
  "qTypeQs": [
    {
      "questions": [
        {
          "isRight": false,
          "userAnswer": "a",
          "examTitle": "2018年10月真题及答案解析",
          "answer": "C",
          "questionChoices": [
            {
              "id": 406570,
              "questionId": 65184,
              "order": "a",
              "content": "CASE产品",
              "staticContent": "CASE产品",
              "shortContent": "CASE产品"
            },
            {
              "id": 406571,
              "questionId": 65184,
              "order": "b",
              "content": "面向对象语言",
              "staticContent": "面向对象语言",
              "shortContent": "面向对象语言"
            },
            {
              "id": 406572,
              "questionId": 65184,
              "order": "c",
              "content": "瀑布模型",
              "staticContent": "瀑布模型",
              "shortContent": "瀑布模型"
            },
            {
              "id": 406573,
              "questionId": 65184,
              "order": "d",
              "content": "软件生存周期过程",
              "staticContent": "软件生存周期过程",
              "shortContent": "软件生存周期过程"
            }
          ],
          "hint": "20世纪60年代末到80年代初,这一时期的主要成果体现为:提出瀑布模型。",
          "baseTypeName": "单选题",
          "id": 65184,
          "title": "<p>软件工程在20世纪60年代末到80年代初获得的主要成果有</p>",
          "baseType": 1,
          "isFavorite": false
        },
        {
          "isRight": false,
          "userAnswer": "b",
          "examTitle": "2018年10月真题及答案解析",
          "answer": "D",
          "questionChoices": [
            {
              "id": 406574,
              "questionId": 65185,
              "order": "a",
              "content": "系统应能产生月销售报表",
              "staticContent": "系统应能产生月销售报表",
              "shortContent": "系统应能产生月销售报表"
            },
            {
              "id": 406575,
              "questionId": 65185,
              "order": "b",
              "content": "系统应在5分钟内计算出给定季度的总销售税",
              "staticContent": "系统应在5分钟内计算出给定季度的总销售税",
              "shortContent": "系统应在5分钟内计算出给定季度的总销售税"
            },
            {
              "id": 406576,
              "questionId": 65185,
              "order": "c",
              "content": "对要构建的账户接收系统，必须为月财务状况系统提供更新信息",
              "staticContent": "对要构建的账户接收系统，必须为月财务状况系统提供更新信息",
              "shortContent": "对要构建的账户接收系统，必须为月财务..."
            },
            {
              "id": 406577,
              "questionId": 65185,
              "order": "d",
              "content": "任取1秒钟，一个特定应用所消耗的可用计算能力平均不超过50％",
              "staticContent": "任取1秒钟，一个特定应用所消耗的可用计算能力平均不超过50％",
              "shortContent": "任取1秒钟，一个特定应用所消耗的可用..."
            }
          ],
          "hint": "功能需求规约系统必须执行的功能。",
          "baseTypeName": "单选题",
          "id": 65185,
          "title": "<p>在销售管理系统需求文档中出现下列描述，属于设计约束范畴的是</p>",
          "baseType": 1,
          "isFavorite": false
        },
        {
          "isRight": false,
          "userAnswer": "c",
          "examTitle": "2018年10月真题及答案解析",
          "answer": "A",
          "questionChoices": [
            {
              "id": 406578,
              "questionId": 65186,
              "order": "a",
              "content": "可修改的",
              "staticContent": "可修改的",
              "shortContent": "可修改的"
            },
            {
              "id": 406579,
              "questionId": 65186,
              "order": "b",
              "content": "可复用的",
              "staticContent": "可复用的",
              "shortContent": "可复用的"
            },
            {
              "id": 406580,
              "questionId": 65186,
              "order": "c",
              "content": "可测试的",
              "staticContent": "可测试的",
              "shortContent": "可测试的"
            },
            {
              "id": 406581,
              "questionId": 65186,
              "order": "d",
              "content": "无歧义的",
              "staticContent": "无歧义的",
              "shortContent": "无歧义的"
            }
          ],
          "hint": "需求规约一般需要满足以下4个基本性质：重要性和稳定性程度、可修改的、完整的和一致的。",
          "baseTypeName": "单选题",
          "id": 65186,
          "title": "<p>需求规约的基本性质包括重要性和稳定性程度、一致的、完整的和</p>",
          "baseType": 1,
          "isFavorite": false
        },
        {
          "isRight": false,
          "userAnswer": "d",
          "examTitle": "2018年10月真题及答案解析",
          "answer": "B",
          "questionChoices": [
            {
              "id": 406582,
              "questionId": 65187,
              "order": "a",
              "content": "数据流",
              "staticContent": "数据流",
              "shortContent": "数据流"
            },
            {
              "id": 406583,
              "questionId": 65187,
              "order": "b",
              "content": "判定树",
              "staticContent": "判定树",
              "shortContent": "判定树"
            },
            {
              "id": 406584,
              "questionId": 65187,
              "order": "c",
              "content": "数据字典",
              "staticContent": "数据字典",
              "shortContent": "数据字典"
            },
            {
              "id": 406585,
              "questionId": 65187,
              "order": "d",
              "content": "数据存储",
              "staticContent": "数据存储",
              "shortContent": "数据存储"
            }
          ],
          "hint": "在结构化分析方法中，加工是数据的变换单元。它接受输入的数据，对其进行处理，并产生输出。描述加工可采用“结构化自然语言、判定表、判定树”三种表达工具。",
          "baseTypeName": "单选题",
          "id": 65187,
          "title": "<p>在建模过程中，可用以描述加工的工具是</p>",
          "baseType": 1,
          "isFavorite": false
        },
        {
          "isRight": true,
          "userAnswer": "b",
          "examTitle": "2018年10月真题及答案解析",
          "answer": "B",
          "questionChoices": [
            {
              "id": 406586,
              "questionId": 65188,
              "order": "a",
              "content": "耦合",
              "staticContent": "耦合",
              "shortContent": "耦合"
            },
            {
              "id": 406587,
              "questionId": 65188,
              "order": "b",
              "content": "内聚",
              "staticContent": "内聚",
              "shortContent": "内聚"
            },
            {
              "id": 406588,
              "questionId": 65188,
              "order": "c",
              "content": "扇入",
              "staticContent": "扇入",
              "shortContent": "扇入"
            },
            {
              "id": 406589,
              "questionId": 65188,
              "order": "d",
              "content": "扇出",
              "staticContent": "扇出",
              "shortContent": "扇出"
            }
          ],
          "hint": "内聚指一个模块内部各成分之间相互关联程度的度量，耦合是指不同模块之间相互依赖程度的度量。",
          "baseTypeName": "单选题",
          "id": 65188,
          "title": "<p>指一个模块内部各成分之间相互关联程度的度量是</p>",
          "baseType": 1,
          "isFavorite": false
        },
        {
          "isRight": false,
          "userAnswer": "a",
          "examTitle": "2018年10月真题及答案解析",
          "answer": "D",
          "questionChoices": [
            {
              "id": 406590,
              "questionId": 65189,
              "order": "a",
              "content": "HPO图",
              "staticContent": "HPO图",
              "shortContent": "HPO图"
            },
            {
              "id": 406591,
              "questionId": 65189,
              "order": "b",
              "content": "PAD图",
              "staticContent": "PAD图",
              "shortContent": "PAD图"
            },
            {
              "id": 406592,
              "questionId": 65189,
              "order": "c",
              "content": "N－S图",
              "staticContent": "N－S图",
              "shortContent": "N－S图"
            },
            {
              "id": 406593,
              "questionId": 65189,
              "order": "d",
              "content": "DFD图",
              "staticContent": "DFD图",
              "shortContent": "DFD图"
            }
          ],
          "hint": "N－S（盒图）用三种符号表达3种控制结构，PAD图用二维树形结构来表示程序的控制流。DFD（数据流图）用结构化分析方法表达了功能模型。",
          "baseTypeName": "单选题",
          "id": 65189,
          "title": "<p>结构化分析方法给出了一种能表达功能模型的工具是</p>",
          "baseType": 1,
          "isFavorite": false
        },
        {
          "isRight": false,
          "userAnswer": "c",
          "examTitle": "2018年10月真题及答案解析",
          "answer": "D",
          "questionChoices": [
            {
              "id": 406594,
              "questionId": 65190,
              "order": "a",
              "content": "分析",
              "staticContent": "分析",
              "shortContent": "分析"
            },
            {
              "id": 406595,
              "questionId": 65190,
              "order": "b",
              "content": "设计",
              "staticContent": "设计",
              "shortContent": "设计"
            },
            {
              "id": 406596,
              "questionId": 65190,
              "order": "c",
              "content": "建模语言",
              "staticContent": "建模语言",
              "shortContent": "建模语言"
            },
            {
              "id": 406597,
              "questionId": 65190,
              "order": "d",
              "content": "编程语言",
              "staticContent": "编程语言",
              "shortContent": "编程语言"
            }
          ],
          "hint": "面向对象方法是一种根据客体之间的关系来建造系统模型的系统化方法，面向对象方法源于面向对象编程语言。",
          "baseTypeName": "单选题",
          "id": 65190,
          "title": "<p>面向对象方法源于面向对象</p>",
          "baseType": 1,
          "isFavorite": false
        },
        {
          "isRight": false,
          "userAnswer": "c",
          "examTitle": "2018年10月真题及答案解析",
          "answer": "A",
          "questionChoices": [
            {
              "id": 406598,
              "questionId": 65191,
              "order": "a",
              "content": "整体／部分",
              "staticContent": "整体／部分",
              "shortContent": "整体／部分"
            },
            {
              "id": 406599,
              "questionId": 65191,
              "order": "b",
              "content": "一般／特殊",
              "staticContent": "一般／特殊",
              "shortContent": "一般／特殊"
            },
            {
              "id": 406600,
              "questionId": 65191,
              "order": "c",
              "content": "功能／过程",
              "staticContent": "功能／过程",
              "shortContent": "功能／过程"
            },
            {
              "id": 406601,
              "questionId": 65191,
              "order": "d",
              "content": "静态／动态",
              "staticContent": "静态／动态",
              "shortContent": "静态／动态"
            }
          ],
          "hint": "业务模型和系统模型之间具有整体／部分关系，即业务模型是整体，系统模型是业务模型的一个组成部分。",
          "baseTypeName": "单选题",
          "id": 65191,
          "title": "<p>使用用况图可以实现业务建模和系统建模，而得到业务模型和系统模型之间具有的关系是</p>",
          "baseType": 1,
          "isFavorite": false
        },
        {
          "isRight": true,
          "userAnswer": "b",
          "examTitle": "2018年10月真题及答案解析",
          "answer": "B",
          "questionChoices": [
            {
              "id": 406602,
              "questionId": 65192,
              "order": "a",
              "content": "子类",
              "staticContent": "子类",
              "shortContent": "子类"
            },
            {
              "id": 406603,
              "questionId": 65192,
              "order": "b",
              "content": "控制类",
              "staticContent": "控制类",
              "shortContent": "控制类"
            },
            {
              "id": 406604,
              "questionId": 65192,
              "order": "c",
              "content": "父类",
              "staticContent": "父类",
              "shortContent": "父类"
            },
            {
              "id": 406605,
              "questionId": 65192,
              "order": "d",
              "content": "活动类",
              "staticContent": "活动类",
              "shortContent": "活动类"
            }
          ],
          "hint": "RUP的分析类包括边界类、实体类和控制类，通过这一抽象层建造概念模型。",
          "baseTypeName": "单选题",
          "id": 65192,
          "title": "<p>RUP的分析类包括边界类、实体类和</p>",
          "baseType": 1,
          "isFavorite": false
        },
        {
          "isRight": false,
          "userAnswer": "b",
          "examTitle": "2018年10月真题及答案解析",
          "answer": "C",
          "questionChoices": [
            {
              "id": 406606,
              "questionId": 65193,
              "order": "a",
              "content": "路径测试技术",
              "staticContent": "路径测试技术",
              "shortContent": "路径测试技术"
            },
            {
              "id": 406607,
              "questionId": 65193,
              "order": "b",
              "content": "用例测试技术",
              "staticContent": "用例测试技术",
              "shortContent": "用例测试技术"
            },
            {
              "id": 406608,
              "questionId": 65193,
              "order": "c",
              "content": "状态测试技术",
              "staticContent": "状态测试技术",
              "shortContent": "状态测试技术"
            },
            {
              "id": 406609,
              "questionId": 65193,
              "order": "d",
              "content": "结构测试技术",
              "staticContent": "结构测试技术",
              "shortContent": "结构测试技术"
            }
          ],
          "hint": "黑盒测试技术又称为功能测试技术，包括事务处理流程技术、定义域测试技术和状态测试技术。",
          "baseTypeName": "单选题",
          "id": 65193,
          "title": "<p>黑盒测试技术又称为功能测试技术，包括事务处理流程技术、定义域测试技术和</p>",
          "baseType": 1,
          "isFavorite": false
        },
        {
          "isRight": true,
          "userAnswer": "b",
          "examTitle": "2018年10月真题及答案解析",
          "answer": "B",
          "questionChoices": [
            {
              "id": 406610,
              "questionId": 65194,
              "order": "a",
              "content": "3个有效等价类，3个无效等价类",
              "staticContent": "3个有效等价类，3个无效等价类",
              "shortContent": "3个有效等价类，3个无效等价类"
            },
            {
              "id": 406611,
              "questionId": 65194,
              "order": "b",
              "content": "3个有效等价类，1个无效等价类",
              "staticContent": "3个有效等价类，1个无效等价类",
              "shortContent": "3个有效等价类，1个无效等价类"
            },
            {
              "id": 406612,
              "questionId": 65194,
              "order": "c",
              "content": "1个有效等价类，1个无效等价类",
              "staticContent": "1个有效等价类，1个无效等价类",
              "shortContent": "1个有效等价类，1个无效等价类"
            },
            {
              "id": 406613,
              "questionId": 65194,
              "order": "d",
              "content": "1个有效等价类，3个无效等价类",
              "staticContent": "1个有效等价类，3个无效等价类",
              "shortContent": "1个有效等价类，3个无效等价类"
            }
          ],
          "hint": "教授、副教授、讲师三个有效等价类，所有不符合的值确定为一个无效等价类。",
          "baseTypeName": "单选题",
          "id": 65194,
          "title": "<p>在教师科研方案中规定对教授、副教授和讲师分别计算分数，做相应的处理，则根据黑盒测试中的等价类划分技术，下列划分正确的是</p>",
          "baseType": 1,
          "isFavorite": false
        },
        {
          "isRight": true,
          "userAnswer": "a",
          "examTitle": "2018年10月真题及答案解析",
          "answer": "A",
          "questionChoices": [
            {
              "id": 406614,
              "questionId": 65195,
              "order": "a",
              "content": "需求规格说明书",
              "staticContent": "需求规格说明书",
              "shortContent": "需求规格说明书"
            },
            {
              "id": 406615,
              "questionId": 65195,
              "order": "b",
              "content": "概要设计说明书",
              "staticContent": "概要设计说明书",
              "shortContent": "概要设计说明书"
            },
            {
              "id": 406616,
              "questionId": 65195,
              "order": "c",
              "content": "详细设计说明书",
              "staticContent": "详细设计说明书",
              "shortContent": "详细设计说明书"
            },
            {
              "id": 406617,
              "questionId": 65195,
              "order": "d",
              "content": "测试计划",
              "staticContent": "测试计划",
              "shortContent": "测试计划"
            }
          ],
          "hint": "有效性测试通常采用黑盒测试技术，主要看软件实现功能是否与需求规格说明书一致。",
          "baseTypeName": "单选题",
          "id": 65195,
          "title": "<p>有效性测试的目标是发现软件实现的功能与下列哪个选项不一致，正确的是</p>",
          "baseType": 1,
          "isFavorite": false
        },
        {
          "isRight": false,
          "userAnswer": null,
          "examTitle": "2018年10月真题及答案解析",
          "answer": "D",
          "questionChoices": [
            {
              "id": 406618,
              "questionId": 65196,
              "order": "a",
              "content": "供应过程",
              "staticContent": "供应过程",
              "shortContent": "供应过程"
            },
            {
              "id": 406619,
              "questionId": 65196,
              "order": "b",
              "content": "开发过程",
              "staticContent": "开发过程",
              "shortContent": "开发过程"
            },
            {
              "id": 406620,
              "questionId": 65196,
              "order": "c",
              "content": "测试过程",
              "staticContent": "测试过程",
              "shortContent": "测试过程"
            },
            {
              "id": 406621,
              "questionId": 65196,
              "order": "d",
              "content": "支持过程",
              "staticContent": "支持过程",
              "shortContent": "支持过程"
            }
          ],
          "hint": "】《ISO/IEC软件生存周期过程l2207—1995》标准按过程主体把软件生存周期过程分为基本过程、支持过程和组织过程。",
          "baseTypeName": "单选题",
          "id": 65196,
          "title": "<p>《ISO／EC软件生存周期过程12207－1995》标准按过程主体把软件生存周期过程分为基本过程、组织过程和</p>",
          "baseType": 1,
          "isFavorite": false
        },
        {
          "isRight": false,
          "userAnswer": null,
          "examTitle": "2018年10月真题及答案解析",
          "answer": "A",
          "questionChoices": [
            {
              "id": 406622,
              "questionId": 65197,
              "order": "a",
              "content": "喷泉模型",
              "staticContent": "喷泉模型",
              "shortContent": "喷泉模型"
            },
            {
              "id": 406623,
              "questionId": 65197,
              "order": "b",
              "content": "螺旋模型",
              "staticContent": "螺旋模型",
              "shortContent": "螺旋模型"
            },
            {
              "id": 406624,
              "questionId": 65197,
              "order": "c",
              "content": "增量模型",
              "staticContent": "增量模型",
              "shortContent": "增量模型"
            },
            {
              "id": 406625,
              "questionId": 65197,
              "order": "d",
              "content": "瀑布模型",
              "staticContent": "瀑布模型",
              "shortContent": "瀑布模型"
            }
          ],
          "hint": "喷泉模型体现软件创建所固有的迭代和无间隙特征，主要用于支持面向对象技术软件开发。",
          "baseTypeName": "单选题",
          "id": 65197,
          "title": "<p>在常见的软件开发模型中，主要用于支持面向对象技术软件开发的是</p>",
          "baseType": 1,
          "isFavorite": false
        },
        {
          "isRight": false,
          "userAnswer": null,
          "examTitle": "2018年10月真题及答案解析",
          "answer": "C",
          "questionChoices": [
            {
              "id": 406626,
              "questionId": 65198,
              "order": "a",
              "content": "已执行级",
              "staticContent": "已执行级",
              "shortContent": "已执行级"
            },
            {
              "id": 406627,
              "questionId": 65198,
              "order": "b",
              "content": "已定义级",
              "staticContent": "已定义级",
              "shortContent": "已定义级"
            },
            {
              "id": 406628,
              "questionId": 65198,
              "order": "c",
              "content": "已管级",
              "staticContent": "已管级",
              "shortContent": "已管级"
            },
            {
              "id": 406629,
              "questionId": 65198,
              "order": "d",
              "content": "已定量管理级",
              "staticContent": "已定量管理级",
              "shortContent": "已定量管理级"
            }
          ],
          "hint": "0级：未完成等级1级：已执行等级2极：已管理等级3级：已定义等级4级：已定量管理级5级：持续优化级",
          "baseTypeName": "单选题",
          "id": 65198,
          "title": "<p>CMMI组织过程改善的成熟度等级中的2级是</p>",
          "baseType": 1,
          "isFavorite": false
        }
      ],
      "title": "一、单项选择题：本大题共15小题，每小题2分，共30分．",
      "baseType": 1
    },
    {
      "questions": [
        {
          "isRight": false,
          "userAnswer": null,
          "examTitle": "2018年10月真题及答案解析",
          "answer": "文档",
          "hint": "",
          "baseTypeName": "问答题",
          "id": 65199,
          "title": "<p>计算机软件一般是指计算机系统中的程序及其__________。</p>",
          "baseType": 3,
          "isFavorite": false
        },
        {
          "isRight": false,
          "userAnswer": null,
          "examTitle": "2018年10月真题及答案解析",
          "answer": "可测的、可测量的",
          "hint": "",
          "baseTypeName": "问答题",
          "id": 65200,
          "title": "<p>对于单一一个需求，必须具有的基本性质：必要的、无歧义的、可跟的以及_________。</p>",
          "baseType": 3,
          "isFavorite": false
        },
        {
          "isRight": false,
          "userAnswer": null,
          "examTitle": "2018年10月真题及答案解析",
          "answer": "交谈",
          "hint": "",
          "baseTypeName": "问答题",
          "id": 65201,
          "title": "<p>需求人员通过提出问题／用户回答的方式，直接询问用户需要的初始发现需求技术是_________。</p>",
          "baseType": 3,
          "isFavorite": false
        },
        {
          "isRight": false,
          "userAnswer": null,
          "examTitle": "2018年10月真题及答案解析",
          "answer": "数据存储",
          "hint": "",
          "baseTypeName": "问答题",
          "id": 65202,
          "title": "<p>在结构化分析方法中，表示“数据的静态结构”的术语是_________。</p>",
          "baseType": 3,
          "isFavorite": false
        },
        {
          "isRight": false,
          "userAnswer": null,
          "examTitle": "2018年10月真题及答案解析",
          "answer": "耦合",
          "hint": "",
          "baseTypeName": "问答题",
          "id": 65203,
          "title": "<p>指不同模块之间相互依赖程度的度量是_________。</p>",
          "baseType": 3,
          "isFavorite": false
        },
        {
          "isRight": false,
          "userAnswer": null,
          "examTitle": "2018年10月真题及答案解析",
          "answer": "逐步求精",
          "hint": "",
          "baseTypeName": "问答题",
          "id": 65204,
          "title": "<p>把要解決问题的过程分解为多个步骤或阶段，每一步是对上一步结果的细化，以接近向题的解法，该方法称为_________。</p>",
          "baseType": 3,
          "isFavorite": false
        },
        {
          "isRight": false,
          "userAnswer": null,
          "examTitle": "2018年10月真题及答案解析",
          "answer": "循环（或迭代）",
          "hint": "",
          "baseTypeName": "问答题",
          "id": 65205,
          "title": "<p>结构化程序设计的基本控制结构包括顺序、选择和_________。</p>",
          "baseType": 3,
          "isFavorite": false
        },
        {
          "isRight": false,
          "userAnswer": null,
          "examTitle": "2018年10月真题及答案解析",
          "answer": "组合",
          "hint": "",
          "baseTypeName": "问答题",
          "id": 65206,
          "title": "<p>如果在一个时间段内，整体类的实侧中至少包含一个部分类的实例，并且该整体类的实例负责创建和消除部分类的实例，特别是如果整体类的实例和部分类的实例具有相问的生存周期，那么这种关联关系称为_________。</p>",
          "baseType": 3,
          "isFavorite": false
        },
        {
          "isRight": false,
          "userAnswer": null,
          "examTitle": "2018年10月真题及答案解析",
          "answer": "迭代增量式开发",
          "hint": "",
          "baseTypeName": "问答题",
          "id": 65207,
          "title": "<p>RUP是一种以用况为驱动以体系结构为中心的_________。</p>",
          "baseType": 3,
          "isFavorite": false
        },
        {
          "isRight": false,
          "userAnswer": null,
          "examTitle": "2018年10月真题及答案解析",
          "answer": "承接模块（桩模块）",
          "hint": "",
          "baseTypeName": "问答题",
          "id": 65208,
          "title": "<p>在单元测试中，由于模块不是一个独立的程序，必须为每个模块单元测试开发驱动模块和_________，后者代替被测模块的下属模块，打印人口检查信息，并将控制返回到它的上级模块。</p>",
          "baseType": 3,
          "isFavorite": false
        },
        {
          "isRight": false,
          "userAnswer": null,
          "examTitle": "2018年10月真题及答案解析",
          "answer": "测试结果比较",
          "hint": "",
          "baseTypeName": "问答题",
          "id": 65209,
          "title": "<p>软件测试是一个有程序的过程，包括测试设计、测试执行以及等_________。</p>",
          "baseType": 3,
          "isFavorite": false
        },
        {
          "isRight": false,
          "userAnswer": null,
          "examTitle": "2018年10月真题及答案解析",
          "answer": "运行过程、维护过程",
          "hint": "",
          "baseTypeName": "问答题",
          "id": 65210,
          "title": "<p>软件基本过程指那些与软件生产直接相关的活动集，可分为获取过程、供应过程、开发过程、_________和_________。</p>",
          "baseType": 3,
          "isFavorite": false
        },
        {
          "isRight": false,
          "userAnswer": null,
          "examTitle": "2018年10月真题及答案解析",
          "answer": "软件质量保证计划、软件度量计划",
          "hint": "",
          "baseTypeName": "问答题",
          "id": 65211,
          "title": "<p>对于一个项目而言，过程管理计划是项目管理计划的主体，一般还可能存在一些对支持生存周期过程具有重要作用的其他计划，包括软件工程管理计划、软件配置管理计划、_________、软件验证和确认计划和_________。</p>",
          "baseType": 3,
          "isFavorite": false
        },
        {
          "isRight": false,
          "userAnswer": null,
          "examTitle": "2018年10月真题及答案解析",
          "answer": "软件CMM",
          "hint": "",
          "baseTypeName": "问答题",
          "id": 65212,
          "title": "<p>针对开发的CMMI是一个有关产品和服务的过程改善的成熟度模型，集成了3个源模型：_________、系统工程CMM和集成产品开发CMM。</p>",
          "baseType": 3,
          "isFavorite": false
        },
        {
          "isRight": false,
          "userAnswer": null,
          "examTitle": "2018年10月真题及答案解析",
          "answer": "过程能力",
          "hint": "",
          "baseTypeName": "问答题",
          "id": 65213,
          "title": "<p>在CMMI模型中，遵循一个过程可达到的预期结果的程度是_________。</p>",
          "baseType": 3,
          "isFavorite": false
        },
        {
          "isRight": false,
          "userAnswer": null,
          "examTitle": "2018年10月真题及答案解析",
          "answer": "规程和方法、工具",
          "hint": "",
          "baseTypeName": "问答题",
          "id": 65214,
          "title": "<p>CMMI模型基于过程途径思想，通过过程把软件质量的3个支撑点：受训的人员、_________、_________、和设备进行集成，以开发所期望的系统／产品。</p>",
          "baseType": 3,
          "isFavorite": false
        }
      ],
      "title": "二、填空題：本大题共20空，每空1分，共20分。",
      "baseType": 3
    },
    {
      "questions": [
        {
          "isRight": false,
          "userAnswer": null,
          "examTitle": "2018年10月真题及答案解析",
          "answer": "（1）软件生产率、软件质量远远满足不了社会发展的需求，成为社会、经济发展的制约因素，把这一现象称为软件危机；（2）软件工程是应用计算机科学理论和技术以及工程管理原则和方法，按预算和进度实现满足用户要求的软件产品的工程，或以此为研究对象的学科；（3）软件工程概念的提出是倡导以工程的原理、原则和方法进行软件开发，以期解决出现的软件危机。",
          "hint": "",
          "baseTypeName": "问答题",
          "id": 65215,
          "title": "<p>简述软件危机与软件工程的概念以及提出软件工程概念的目的。</p>",
          "baseType": 3,
          "isFavorite": false
        },
        {
          "isRight": false,
          "userAnswer": null,
          "examTitle": "2018年10月真题及答案解析",
          "answer": "（1）详细设计的任务是具体描述模块结构图中的每一个模块，即给出实现模块功能的实施机制，包括一组例程和数据结构，从而精确地定义了满足需求所规约的结构；（2）详细设计的目标是将总体设计阶段所产生的系统高层结构映射为以这些术语所表达的低层结构，也是系统的最终结构。",
          "hint": "",
          "baseTypeName": "问答题",
          "id": 65216,
          "title": "<p>简述结构化方法详细设计的任务及目标。</p>",
          "baseType": 3,
          "isFavorite": false
        },
        {
          "isRight": false,
          "userAnswer": null,
          "examTitle": "2018年10月真题及答案解析",
          "answer": "（1）用况图是一种表达系统功能模型的图形化工具；（2）一个用况图通常包含6个模型元素：主题、用况、参与者、关联、泛化和依赖。",
          "hint": "",
          "baseTypeName": "问答题",
          "id": 65217,
          "title": "<p>简述用况图及其通常包含的模型元素。</p>",
          "baseType": 3,
          "isFavorite": false
        },
        {
          "isRight": false,
          "userAnswer": null,
          "examTitle": "2018年10月真题及答案解析",
          "answer": "（1）RUP和UML构成了一种特定的软件开发方法学；（2）UML作为一种可视化建模语言，给出了表达事物和事物之间关系的基本术语，给出了多种模型的表达工具；（3）RUP利用这些术语定义了需求获取层、系统分析层、设计层、实现层，并给出了实现各层模型之间映射的基本活动以及相关的指导。",
          "hint": "",
          "baseTypeName": "问答题",
          "id": 65218,
          "title": "<p>简述RUP和UML之间的关系。</p>",
          "baseType": 3,
          "isFavorite": false
        },
        {
          "isRight": false,
          "userAnswer": null,
          "examTitle": "2018年10月真题及答案解析",
          "answer": "（1）边界值分析与等价类划分技术的区别在于：边界值分析着重边界的测试，应选取等于、刚刚大于或刚刚小于边界的值作为测试数据；（2）而等价类划分是选取等价类中的典型值或任意值作为测试数据。",
          "hint": "",
          "baseTypeName": "问答题",
          "id": 65219,
          "title": "<p>简述边界值分析与等价类划分技术的区别。</p>",
          "baseType": 3,
          "isFavorite": false
        },
        {
          "isRight": false,
          "userAnswer": null,
          "examTitle": "2018年10月真题及答案解析",
          "answer": "（1）验证就是证实一个过程或项目的每一软件工作产品／服务是否正确地反映了所规约的需求；（2）确认就是证实所期望使用的软件工作产品是否满足其需求；（3）区别：验证是通过提供的客观证据，证实规约的需求是否得以满足；确认是通过提供的客观证据，证实有特定期望的使用或应用的需求是否得以满足。",
          "hint": "",
          "baseTypeName": "问答题",
          "id": 65220,
          "title": "<p>简述验证和确认以及它们的区别。</p>",
          "baseType": 3,
          "isFavorite": false
        }
      ],
      "title": "三、简答题：本大题共6小题，每小题5分，共30分。",
      "baseType": 3
    },
    {
      "questions": [
        {
          "isRight": false,
          "userAnswer": null,
          "examTitle": "2018年10月真题及答案解析",
          "answer": "该系统的顶层数据流图如下，其所包含的外部实体如下：（1） 非信用卡客户（2） 银行（3） 信用卡客户<img src=\"upload/file/58742/answer?__id=vh6tNmL4np53jBYaiwJx.jpg\" width=\"452\" height=\"289\" />",
          "hint": "",
          "baseTypeName": "问答题",
          "id": 65221,
          "title": "<p>现准备为某银行开发一个信用卡管理系统CCMS，该系统的基本功能为：</p> \n<p>（1）信用卡申请：非信用卡客户填写信用卡申请表，说明所要申请的信用卡类型及申请者的基本信息，并提交给CCMS。如果信用卡申请者被银行接受，CCMS将记录该客户的基本信息，并发送确认函给客户，告知客户信息卡的有效期及信贷限额；否则该客户将会收到一封拒绝函。非信用卡客户收到确认函后，便成为信用卡客户。</p> \n<p>（2）信用卡激活：信用卡客户向CCMS提交激活请求，用信用卡号和密码激活该信用卡。激活操作结束后，CCMS将激活通知发送给客户，告知其信用卡是否故成功激活。</p> \n<p>（3）信用卡客户信息管理：信用卡客户的个人信息可以在CCMS中进行在线管理。每位信用卡客户可以在线查询和修改个人信息。</p> \n<p>（4）交易信息查询。信用卡客户使用信用卡进行的每一笔交易都会记录在CCMS中。信用卡客户可以通过CMS查询并核实其交易信息（包括信用卡交易记录及交易额）。</p> \n<p>请画出系统的顶层数据流图，并指出其所包含的外部实体。</p>",
          "baseType": 3,
          "isFavorite": false
        },
        {
          "isRight": false,
          "userAnswer": null,
          "examTitle": "2018年10月真题及答案解析",
          "answer": "（1）语句覆盖：③（2）分支覆盖：③（3）条件覆盖：②（4）条件组合覆盖：⑩（5）路径覆盖：⑤",
          "hint": "",
          "baseTypeName": "问答题",
          "id": 65222,
          "title": "<p>请用白盒测试法对题39图所对应的程序流程图进行测试。要求从题39表给出的候选答案中分别找出满足语句覆盖、分支覆盖、条件覆盖，条件组合覆盖和路径覆盖5种覆盖标准所需的最少测试用例。</p> \n<p><img src=\"upload/file/58743/title?__id=Qx6Muapgrmr3AmqpKFS9.jpg\" width=\"351\" height=\"300\" /></p> \n<p><img src=\"upload/file/58744/title?__id=mJkptKym4tqS5kvtu5aJ.jpg\" width=\"532\" height=\"387\" /></p>",
          "baseType": 3,
          "isFavorite": false
        }
      ],
      "title": "四、综合应用题：本大题共2小题，每小题10分，共20分。",
      "baseType": 3
    }
  ]
}
